{"indexes":[{"v":{"$numberInt":"2"},"key":{"_id":{"$numberInt":"1"}},"name":"_id_"},{"v":{"$numberInt":"2"},"key":{"country":{"$numberInt":"1"},"style":{"$numberInt":"1"}},"name":"country_1_style_1"},{"v":{"$numberInt":"2"},"key":{"style":{"$numberInt":"1"}},"name":"style_1"},{"v":{"$numberInt":"2"},"key":{"beer_id":{"$numberInt":"1"}},"name":"beer_id_1","unique":true},{"v":{"$numberInt":"2"},"key":{"_fts":"text","_ftsx":{"$numberInt":"1"}},"name":"name_text","weights":{"name":{"$numberInt":"1"}},"default_language":"english","language_override":"language","textIndexVersion":{"$numberInt":"3"}}],"uuid":"871db79769c6461899801965e162c82a","collectionName":"beers","type":"collection"}