{"indexes":[{"v":{"$numberInt":"2"},"key":{"_id":{"$numberInt":"1"}},"name":"_id_"},{"v":{"$numberInt":"2"},"key":{"brewery_id":{"$numberInt":"1"}},"name":"brewery_id_1","unique":true},{"v":{"$numberInt":"2"},"key":{"_fts":"text","_ftsx":{"$numberInt":"1"}},"name":"brewery_name_text","weights":{"brewery_name":{"$numberInt":"1"}},"default_language":"english","language_override":"language","textIndexVersion":{"$numberInt":"3"}},{"v":{"$numberInt":"2"},"key":{"brewery_country":{"$numberInt":"1"}},"name":"brewery_country_1"}],"uuid":"b7bd7245bac04ac5aaf80e9c4325e2b4","collectionName":"breweries","type":"collection"}